{"surah-1":"surah001","surah-2":"surah002","surah-3":"surah003","surah-4":"surah004","surah-5":"surah005","surah-6":"surah006","surah-7":"surah007","surah-8":"surah008","surah-9":"surah009","surah-10":"surah010","surah-11":"surah011","surah-12":"surah012","surah-13":"surah013","surah-14":"surah014","surah-15":"surah015","surah-16":"surah016","surah-17":"surah017","surah-18":"surah018","surah-19":"surah019","surah-20":"surah020","surah-21":"surah021","surah-22":"surah022","surah-23":"surah023","surah-24":"surah024","surah-25":"surah025","surah-26":"surah026","surah-27":"surah027","surah-28":"surah028","surah-29":"surah029","surah-30":"surah030","surah-31":"surah031","surah-32":"surah032","surah-33":"surah033","surah-34":"surah034","surah-35":"surah035","surah-36":"surah036","surah-37":"surah037","surah-38":"surah038","surah-39":"surah039","surah-40":"surah040","surah-41":"surah041","surah-42":"surah042","surah-43":"surah043","surah-44":"surah044","surah-45":"surah045","surah-46":"surah046","surah-47":"surah047","surah-48":"surah048","surah-49":"surah049","surah-50":"surah050","surah-51":"surah051","surah-52":"surah052","surah-53":"surah053","surah-54":"surah054","surah-55":"surah055","surah-56":"surah056","surah-57":"surah057","surah-58":"surah058","surah-59":"surah059","surah-60":"surah060","surah-61":"surah061","surah-62":"surah062","surah-63":"surah063","surah-64":"surah064","surah-65":"surah065","surah-66":"surah066","surah-67":"surah067","surah-68":"surah068","surah-69":"surah069","surah-70":"surah070","surah-71":"surah071","surah-72":"surah072","surah-73":"surah073","surah-74":"surah074","surah-75":"surah075","surah-76":"surah076","surah-77":"surah077","surah-78":"surah078","surah-79":"surah079","surah-80":"surah080","surah-81":"surah081","surah-82":"surah082","surah-83":"surah083","surah-84":"surah084","surah-85":"surah085","surah-86":"surah086","surah-87":"surah087","surah-88":"surah088","surah-89":"surah089","surah-90":"surah090","surah-91":"surah091","surah-92":"surah092","surah-93":"surah093","surah-94":"surah094","surah-95":"surah095","surah-96":"surah096","surah-97":"surah097","surah-98":"surah098","surah-99":"surah099","surah-100":"surah100","surah-101":"surah101","surah-102":"surah102","surah-103":"surah103","surah-104":"surah104","surah-105":"surah105","surah-106":"surah106","surah-107":"surah107","surah-108":"surah108","surah-109":"surah109","surah-110":"surah110","surah-111":"surah111","surah-112":"surah112","surah-113":"surah113","surah-114":"surah114"}