{
  "1": {
    "hizb_number": 1,
    "verses_count": 81,
    "first_verse_key": "1:1",
    "last_verse_key": "2:74",
    "verse_mapping": {
      "1": "1-7",
      "2": "1-74"
    }
  },
  "2": {
    "hizb_number": 2,
    "verses_count": 67,
    "first_verse_key": "2:75",
    "last_verse_key": "2:141",
    "verse_mapping": {
      "2": "75-141"
    }
  },
  "3": {
    "hizb_number": 3,
    "verses_count": 61,
    "first_verse_key": "2:142",
    "last_verse_key": "2:202",
    "verse_mapping": {
      "2": "142-202"
    }
  },
  "4": {
    "hizb_number": 4,
    "verses_count": 50,
    "first_verse_key": "2:203",
    "last_verse_key": "2:252",
    "verse_mapping": {
      "2": "203-252"
    }
  },
  "5": {
    "hizb_number": 5,
    "verses_count": 48,
    "first_verse_key": "2:253",
    "last_verse_key": "3:14",
    "verse_mapping": {
      "2": "253-286",
      "3": "1-14"
    }
  },
  "6": {
    "hizb_number": 6,
    "verses_count": 78,
    "first_verse_key": "3:15",
    "last_verse_key": "3:92",
    "verse_mapping": {
      "3": "15-92"
    }
  },
  "7": {
    "hizb_number": 7,
    "verses_count": 78,
    "first_verse_key": "3:93",
    "last_verse_key": "3:170",
    "verse_mapping": {
      "3": "93-170"
    }
  },
  "8": {
    "hizb_number": 8,
    "verses_count": 53,
    "first_verse_key": "3:171",
    "last_verse_key": "4:23",
    "verse_mapping": {
      "3": "171-200",
      "4": "1-23"
    }
  },
  "9": {
    "hizb_number": 9,
    "verses_count": 64,
    "first_verse_key": "4:24",
    "last_verse_key": "4:87",
    "verse_mapping": {
      "4": "24-87"
    }
  },
  "10": {
    "hizb_number": 10,
    "verses_count": 60,
    "first_verse_key": "4:88",
    "last_verse_key": "4:147",
    "verse_mapping": {
      "4": "88-147"
    }
  },
  "11": {
    "hizb_number": 11,
    "verses_count": 55,
    "first_verse_key": "4:148",
    "last_verse_key": "5:26",
    "verse_mapping": {
      "4": "148-176",
      "5": "1-26"
    }
  },
  "12": {
    "hizb_number": 12,
    "verses_count": 55,
    "first_verse_key": "5:27",
    "last_verse_key": "5:81",
    "verse_mapping": {
      "5": "27-81"
    }
  },
  "13": {
    "hizb_number": 13,
    "verses_count": 74,
    "first_verse_key": "5:82",
    "last_verse_key": "6:35",
    "verse_mapping": {
      "5": "82-120",
      "6": "1-35"
    }
  },
  "14": {
    "hizb_number": 14,
    "verses_count": 75,
    "first_verse_key": "6:36",
    "last_verse_key": "6:110",
    "verse_mapping": {
      "6": "36-110"
    }
  },
  "15": {
    "hizb_number": 15,
    "verses_count": 55,
    "first_verse_key": "6:111",
    "last_verse_key": "6:165",
    "verse_mapping": {
      "6": "111-165"
    }
  },
  "16": {
    "hizb_number": 16,
    "verses_count": 87,
    "first_verse_key": "7:1",
    "last_verse_key": "7:87",
    "verse_mapping": {
      "7": "1-87"
    }
  },
  "17": {
    "hizb_number": 17,
    "verses_count": 83,
    "first_verse_key": "7:88",
    "last_verse_key": "7:170",
    "verse_mapping": {
      "7": "88-170"
    }
  },
  "18": {
    "hizb_number": 18,
    "verses_count": 76,
    "first_verse_key": "7:171",
    "last_verse_key": "8:40",
    "verse_mapping": {
      "7": "171-206",
      "8": "1-40"
    }
  },
  "19": {
    "hizb_number": 19,
    "verses_count": 68,
    "first_verse_key": "8:41",
    "last_verse_key": "9:33",
    "verse_mapping": {
      "8": "41-75",
      "9": "1-33"
    }
  },
  "20": {
    "hizb_number": 20,
    "verses_count": 59,
    "first_verse_key": "9:34",
    "last_verse_key": "9:92",
    "verse_mapping": {
      "9": "34-92"
    }
  },
  "21": {
    "hizb_number": 21,
    "verses_count": 62,
    "first_verse_key": "9:93",
    "last_verse_key": "10:25",
    "verse_mapping": {
      "9": "93-129",
      "10": "1-25"
    }
  },
  "22": {
    "hizb_number": 22,
    "verses_count": 89,
    "first_verse_key": "10:26",
    "last_verse_key": "11:5",
    "verse_mapping": {
      "10": "26-109",
      "11": "1-5"
    }
  },
  "23": {
    "hizb_number": 23,
    "verses_count": 78,
    "first_verse_key": "11:6",
    "last_verse_key": "11:83",
    "verse_mapping": {
      "11": "6-83"
    }
  },
  "24": {
    "hizb_number": 24,
    "verses_count": 92,
    "first_verse_key": "11:84",
    "last_verse_key": "12:52",
    "verse_mapping": {
      "11": "84-123",
      "12": "1-52"
    }
  },
  "25": {
    "hizb_number": 25,
    "verses_count": 77,
    "first_verse_key": "12:53",
    "last_verse_key": "13:18",
    "verse_mapping": {
      "12": "53-111",
      "13": "1-18"
    }
  },
  "26": {
    "hizb_number": 26,
    "verses_count": 77,
    "first_verse_key": "13:19",
    "last_verse_key": "14:52",
    "verse_mapping": {
      "13": "19-43",
      "14": "1-52"
    }
  },
  "27": {
    "hizb_number": 27,
    "verses_count": 149,
    "first_verse_key": "15:1",
    "last_verse_key": "16:50",
    "verse_mapping": {
      "15": "1-99",
      "16": "1-50"
    }
  },
  "28": {
    "hizb_number": 28,
    "verses_count": 78,
    "first_verse_key": "16:51",
    "last_verse_key": "16:128",
    "verse_mapping": {
      "16": "51-128"
    }
  },
  "29": {
    "hizb_number": 29,
    "verses_count": 98,
    "first_verse_key": "17:1",
    "last_verse_key": "17:98",
    "verse_mapping": {
      "17": "1-98"
    }
  },
  "30": {
    "hizb_number": 30,
    "verses_count": 87,
    "first_verse_key": "17:99",
    "last_verse_key": "18:74",
    "verse_mapping": {
      "17": "99-111",
      "18": "1-74"
    }
  },
  "31": {
    "hizb_number": 31,
    "verses_count": 134,
    "first_verse_key": "18:75",
    "last_verse_key": "19:98",
    "verse_mapping": {
      "18": "75-110",
      "19": "1-98"
    }
  },
  "32": {
    "hizb_number": 32,
    "verses_count": 135,
    "first_verse_key": "20:1",
    "last_verse_key": "20:135",
    "verse_mapping": {
      "20": "1-135"
    }
  },
  "33": {
    "hizb_number": 33,
    "verses_count": 112,
    "first_verse_key": "21:1",
    "last_verse_key": "21:112",
    "verse_mapping": {
      "21": "1-112"
    }
  },
  "34": {
    "hizb_number": 34,
    "verses_count": 78,
    "first_verse_key": "22:1",
    "last_verse_key": "22:78",
    "verse_mapping": {
      "22": "1-78"
    }
  },
  "35": {
    "hizb_number": 35,
    "verses_count": 138,
    "first_verse_key": "23:1",
    "last_verse_key": "24:20",
    "verse_mapping": {
      "23": "1-118",
      "24": "1-20"
    }
  },
  "36": {
    "hizb_number": 36,
    "verses_count": 64,
    "first_verse_key": "24:21",
    "last_verse_key": "25:20",
    "verse_mapping": {
      "24": "21-64",
      "25": "1-20"
    }
  },
  "37": {
    "hizb_number": 37,
    "verses_count": 167,
    "first_verse_key": "25:21",
    "last_verse_key": "26:110",
    "verse_mapping": {
      "25": "21-77",
      "26": "1-110"
    }
  },
  "38": {
    "hizb_number": 38,
    "verses_count": 172,
    "first_verse_key": "26:111",
    "last_verse_key": "27:55",
    "verse_mapping": {
      "26": "111-227",
      "27": "1-55"
    }
  },
  "39": {
    "hizb_number": 39,
    "verses_count": 88,
    "first_verse_key": "27:56",
    "last_verse_key": "28:50",
    "verse_mapping": {
      "27": "56-93",
      "28": "1-50"
    }
  },
  "40": {
    "hizb_number": 40,
    "verses_count": 83,
    "first_verse_key": "28:51",
    "last_verse_key": "29:45",
    "verse_mapping": {
      "28": "51-88",
      "29": "1-45"
    }
  },
  "41": {
    "hizb_number": 41,
    "verses_count": 105,
    "first_verse_key": "29:46",
    "last_verse_key": "31:21",
    "verse_mapping": {
      "29": "46-69",
      "30": "1-60",
      "31": "1-21"
    }
  },
  "42": {
    "hizb_number": 42,
    "verses_count": 73,
    "first_verse_key": "31:22",
    "last_verse_key": "33:30",
    "verse_mapping": {
      "31": "22-34",
      "32": "1-30",
      "33": "1-30"
    }
  },
  "43": {
    "hizb_number": 43,
    "verses_count": 66,
    "first_verse_key": "33:31",
    "last_verse_key": "34:23",
    "verse_mapping": {
      "33": "31-73",
      "34": "1-23"
    }
  },
  "44": {
    "hizb_number": 44,
    "verses_count": 103,
    "first_verse_key": "34:24",
    "last_verse_key": "36:27",
    "verse_mapping": {
      "34": "24-54",
      "35": "1-45",
      "36": "1-27"
    }
  },
  "45": {
    "hizb_number": 45,
    "verses_count": 200,
    "first_verse_key": "36:28",
    "last_verse_key": "37:144",
    "verse_mapping": {
      "36": "28-83",
      "37": "1-144"
    }
  },
  "46": {
    "hizb_number": 46,
    "verses_count": 157,
    "first_verse_key": "37:145",
    "last_verse_key": "39:31",
    "verse_mapping": {
      "37": "145-182",
      "38": "1-88",
      "39": "1-31"
    }
  },
  "47": {
    "hizb_number": 47,
    "verses_count": 84,
    "first_verse_key": "39:32",
    "last_verse_key": "40:40",
    "verse_mapping": {
      "39": "32-75",
      "40": "1-40"
    }
  },
  "48": {
    "hizb_number": 48,
    "verses_count": 91,
    "first_verse_key": "40:41",
    "last_verse_key": "41:46",
    "verse_mapping": {
      "40": "41-85",
      "41": "1-46"
    }
  },
  "49": {
    "hizb_number": 49,
    "verses_count": 84,
    "first_verse_key": "41:47",
    "last_verse_key": "43:23",
    "verse_mapping": {
      "41": "47-54",
      "42": "1-53",
      "43": "1-23"
    }
  },
  "50": {
    "hizb_number": 50,
    "verses_count": 162,
    "first_verse_key": "43:24",
    "last_verse_key": "45:37",
    "verse_mapping": {
      "43": "24-89",
      "44": "1-59",
      "45": "1-37"
    }
  },
  "51": {
    "hizb_number": 51,
    "verses_count": 90,
    "first_verse_key": "46:1",
    "last_verse_key": "48:17",
    "verse_mapping": {
      "46": "1-35",
      "47": "1-38",
      "48": "1-17"
    }
  },
  "52": {
    "hizb_number": 52,
    "verses_count": 105,
    "first_verse_key": "48:18",
    "last_verse_key": "51:30",
    "verse_mapping": {
      "48": "18-29",
      "49": "1-18",
      "50": "1-45",
      "51": "1-30"
    }
  },
  "53": {
    "hizb_number": 53,
    "verses_count": 196,
    "first_verse_key": "51:31",
    "last_verse_key": "54:55",
    "verse_mapping": {
      "51": "31-60",
      "52": "1-49",
      "53": "1-62",
      "54": "1-55"
    }
  },
  "54": {
    "hizb_number": 54,
    "verses_count": 203,
    "first_verse_key": "55:1",
    "last_verse_key": "57:29",
    "verse_mapping": {
      "55": "1-78",
      "56": "1-96",
      "57": "1-29"
    }
  },
  "55": {
    "hizb_number": 55,
    "verses_count": 73,
    "first_verse_key": "58:1",
    "last_verse_key": "61:14",
    "verse_mapping": {
      "58": "1-22",
      "59": "1-24",
      "60": "1-13",
      "61": "1-14"
    }
  },
  "56": {
    "hizb_number": 56,
    "verses_count": 64,
    "first_verse_key": "62:1",
    "last_verse_key": "66:12",
    "verse_mapping": {
      "62": "1-11",
      "63": "1-11",
      "64": "1-18",
      "65": "1-12",
      "66": "1-12"
    }
  },
  "57": {
    "hizb_number": 57,
    "verses_count": 206,
    "first_verse_key": "67:1",
    "last_verse_key": "71:28",
    "verse_mapping": {
      "67": "1-30",
      "68": "1-52",
      "69": "1-52",
      "70": "1-44",
      "71": "1-28"
    }
  },
  "58": {
    "hizb_number": 58,
    "verses_count": 225,
    "first_verse_key": "72:1",
    "last_verse_key": "77:50",
    "verse_mapping": {
      "72": "1-28",
      "73": "1-20",
      "74": "1-56",
      "75": "1-40",
      "76": "1-31",
      "77": "1-50"
    }
  },
  "59": {
    "hizb_number": 59,
    "verses_count": 276,
    "first_verse_key": "78:1",
    "last_verse_key": "86:17",
    "verse_mapping": {
      "78": "1-40",
      "79": "1-46",
      "80": "1-42",
      "81": "1-29",
      "82": "1-19",
      "83": "1-36",
      "84": "1-25",
      "85": "1-22",
      "86": "1-17"
    }
  },
  "60": {
    "hizb_number": 60,
    "verses_count": 288,
    "first_verse_key": "87:1",
    "last_verse_key": "114:6",
    "verse_mapping": {
      "87": "1-19",
      "88": "1-26",
      "89": "1-30",
      "90": "1-20",
      "91": "1-15",
      "92": "1-21",
      "93": "1-11",
      "94": "1-8",
      "95": "1-8",
      "96": "1-19",
      "97": "1-5",
      "98": "1-8",
      "99": "1-8",
      "100": "1-11",
      "101": "1-11",
      "102": "1-8",
      "103": "1-3",
      "104": "1-9",
      "105": "1-5",
      "106": "1-4",
      "107": "1-7",
      "108": "1-3",
      "109": "1-6",
      "110": "1-3",
      "111": "1-5",
      "112": "1-4",
      "113": "1-5",
      "114": "1-6"
    }
  }
}