{
  "1": {
    "id": 1,
    "name": 1,
    "name_simple": "Al-Fatihah",
    "name_arabic": "الفاتحة",
    "revelation_order": 5,
    "revelation_place": "makkah",
    "verses_count": 7
  },
  "2": {
    "id": 2,
    "name": 2,
    "name_simple": "Al-Baqarah",
    "name_arabic": "البقرة",
    "revelation_order": 87,
    "revelation_place": "madinah",
    "verses_count": 286
  },
  "3": {
    "id": 3,
    "name": 3,
    "name_simple": "Ali 'Imran",
    "name_arabic": "آل عمران",
    "revelation_order": 89,
    "revelation_place": "madinah",
    "verses_count": 200
  },
  "4": {
    "id": 4,
    "name": 4,
    "name_simple": "An-Nisa",
    "name_arabic": "النساء",
    "revelation_order": 92,
    "revelation_place": "madinah",
    "verses_count": 176
  },
  "5": {
    "id": 5,
    "name": 5,
    "name_simple": "Al-Ma'idah",
    "name_arabic": "المائدة",
    "revelation_order": 112,
    "revelation_place": "madinah",
    "verses_count": 120
  },
  "6": {
    "id": 6,
    "name": 6,
    "name_simple": "Al-An'am",
    "name_arabic": "الأنعام",
    "revelation_order": 55,
    "revelation_place": "makkah",
    "verses_count": 165
  },
  "7": {
    "id": 7,
    "name": 7,
    "name_simple": "Al-A'raf",
    "name_arabic": "الأعراف",
    "revelation_order": 39,
    "revelation_place": "makkah",
    "verses_count": 206
  },
  "8": {
    "id": 8,
    "name": 8,
    "name_simple": "Al-Anfal",
    "name_arabic": "الأنفال",
    "revelation_order": 88,
    "revelation_place": "madinah",
    "verses_count": 75
  },
  "9": {
    "id": 9,
    "name": 9,
    "name_simple": "At-Tawbah",
    "name_arabic": "التوبة",
    "revelation_order": 113,
    "revelation_place": "madinah",
    "verses_count": 129
  },
  "10": {
    "id": 10,
    "name": 10,
    "name_simple": "Yunus",
    "name_arabic": "يونس",
    "revelation_order": 51,
    "revelation_place": "makkah",
    "verses_count": 109
  },
  "11": {
    "id": 11,
    "name": 11,
    "name_simple": "Hud",
    "name_arabic": "هود",
    "revelation_order": 52,
    "revelation_place": "makkah",
    "verses_count": 123
  },
  "12": {
    "id": 12,
    "name": 12,
    "name_simple": "Yusuf",
    "name_arabic": "يوسف",
    "revelation_order": 53,
    "revelation_place": "makkah",
    "verses_count": 111
  },
  "13": {
    "id": 13,
    "name": 13,
    "name_simple": "Ar-Ra'd",
    "name_arabic": "الرعد",
    "revelation_order": 96,
    "revelation_place": "madinah",
    "verses_count": 43
  },
  "14": {
    "id": 14,
    "name": 14,
    "name_simple": "Ibrahim",
    "name_arabic": "ابراهيم",
    "revelation_order": 72,
    "revelation_place": "makkah",
    "verses_count": 52
  },
  "15": {
    "id": 15,
    "name": 15,
    "name_simple": "Al-Hijr",
    "name_arabic": "الحجر",
    "revelation_order": 54,
    "revelation_place": "makkah",
    "verses_count": 99
  },
  "16": {
    "id": 16,
    "name": 16,
    "name_simple": "An-Nahl",
    "name_arabic": "النحل",
    "revelation_order": 70,
    "revelation_place": "makkah",
    "verses_count": 128
  },
  "17": {
    "id": 17,
    "name": 17,
    "name_simple": "Al-Isra",
    "name_arabic": "الإسراء",
    "revelation_order": 50,
    "revelation_place": "makkah",
    "verses_count": 111
  },
  "18": {
    "id": 18,
    "name": 18,
    "name_simple": "Al-Kahf",
    "name_arabic": "الكهف",
    "revelation_order": 69,
    "revelation_place": "makkah",
    "verses_count": 110
  },
  "19": {
    "id": 19,
    "name": 19,
    "name_simple": "Maryam",
    "name_arabic": "مريم",
    "revelation_order": 44,
    "revelation_place": "makkah",
    "verses_count": 98
  },
  "20": {
    "id": 20,
    "name": 20,
    "name_simple": "Taha",
    "name_arabic": "طه",
    "revelation_order": 45,
    "revelation_place": "makkah",
    "verses_count": 135
  },
  "21": {
    "id": 21,
    "name": 21,
    "name_simple": "Al-Anbya",
    "name_arabic": "الأنبياء",
    "revelation_order": 73,
    "revelation_place": "makkah",
    "verses_count": 112
  },
  "22": {
    "id": 22,
    "name": 22,
    "name_simple": "Al-Hajj",
    "name_arabic": "الحج",
    "revelation_order": 103,
    "revelation_place": "madinah",
    "verses_count": 78
  },
  "23": {
    "id": 23,
    "name": 23,
    "name_simple": "Al-Mu'minun",
    "name_arabic": "المؤمنون",
    "revelation_order": 74,
    "revelation_place": "makkah",
    "verses_count": 118
  },
  "24": {
    "id": 24,
    "name": 24,
    "name_simple": "An-Nur",
    "name_arabic": "النور",
    "revelation_order": 102,
    "revelation_place": "madinah",
    "verses_count": 64
  },
  "25": {
    "id": 25,
    "name": 25,
    "name_simple": "Al-Furqan",
    "name_arabic": "الفرقان",
    "revelation_order": 42,
    "revelation_place": "makkah",
    "verses_count": 77
  },
  "26": {
    "id": 26,
    "name": 26,
    "name_simple": "Ash-Shu'ara",
    "name_arabic": "الشعراء",
    "revelation_order": 47,
    "revelation_place": "makkah",
    "verses_count": 227
  },
  "27": {
    "id": 27,
    "name": 27,
    "name_simple": "An-Naml",
    "name_arabic": "النمل",
    "revelation_order": 48,
    "revelation_place": "makkah",
    "verses_count": 93
  },
  "28": {
    "id": 28,
    "name": 28,
    "name_simple": "Al-Qasas",
    "name_arabic": "القصص",
    "revelation_order": 49,
    "revelation_place": "makkah",
    "verses_count": 88
  },
  "29": {
    "id": 29,
    "name": 29,
    "name_simple": "Al-'Ankabut",
    "name_arabic": "العنكبوت",
    "revelation_order": 85,
    "revelation_place": "makkah",
    "verses_count": 69
  },
  "30": {
    "id": 30,
    "name": 30,
    "name_simple": "Ar-Rum",
    "name_arabic": "الروم",
    "revelation_order": 84,
    "revelation_place": "makkah",
    "verses_count": 60
  },
  "31": {
    "id": 31,
    "name": 31,
    "name_simple": "Luqman",
    "name_arabic": "لقمان",
    "revelation_order": 57,
    "revelation_place": "makkah",
    "verses_count": 34
  },
  "32": {
    "id": 32,
    "name": 32,
    "name_simple": "As-Sajdah",
    "name_arabic": "السجدة",
    "revelation_order": 75,
    "revelation_place": "makkah",
    "verses_count": 30
  },
  "33": {
    "id": 33,
    "name": 33,
    "name_simple": "Al-Ahzab",
    "name_arabic": "الأحزاب",
    "revelation_order": 90,
    "revelation_place": "madinah",
    "verses_count": 73
  },
  "34": {
    "id": 34,
    "name": 34,
    "name_simple": "Saba",
    "name_arabic": "سبإ",
    "revelation_order": 58,
    "revelation_place": "makkah",
    "verses_count": 54
  },
  "35": {
    "id": 35,
    "name": 35,
    "name_simple": "Fatir",
    "name_arabic": "فاطر",
    "revelation_order": 43,
    "revelation_place": "makkah",
    "verses_count": 45
  },
  "36": {
    "id": 36,
    "name": 36,
    "name_simple": "Ya-Sin",
    "name_arabic": "يس",
    "revelation_order": 41,
    "revelation_place": "makkah",
    "verses_count": 83
  },
  "37": {
    "id": 37,
    "name": 37,
    "name_simple": "As-Saffat",
    "name_arabic": "الصافات",
    "revelation_order": 56,
    "revelation_place": "makkah",
    "verses_count": 182
  },
  "38": {
    "id": 38,
    "name": 38,
    "name_simple": "Sad",
    "name_arabic": "ص",
    "revelation_order": 38,
    "revelation_place": "makkah",
    "verses_count": 88
  },
  "39": {
    "id": 39,
    "name": 39,
    "name_simple": "Az-Zumar",
    "name_arabic": "الزمر",
    "revelation_order": 59,
    "revelation_place": "makkah",
    "verses_count": 75
  },
  "40": {
    "id": 40,
    "name": 40,
    "name_simple": "Ghafir",
    "name_arabic": "غافر",
    "revelation_order": 60,
    "revelation_place": "makkah",
    "verses_count": 85
  },
  "41": {
    "id": 41,
    "name": 41,
    "name_simple": "Fussilat",
    "name_arabic": "فصلت",
    "revelation_order": 61,
    "revelation_place": "makkah",
    "verses_count": 54
  },
  "42": {
    "id": 42,
    "name": 42,
    "name_simple": "Ash-Shuraa",
    "name_arabic": "الشورى",
    "revelation_order": 62,
    "revelation_place": "makkah",
    "verses_count": 53
  },
  "43": {
    "id": 43,
    "name": 43,
    "name_simple": "Az-Zukhruf",
    "name_arabic": "الزخرف",
    "revelation_order": 63,
    "revelation_place": "makkah",
    "verses_count": 89
  },
  "44": {
    "id": 44,
    "name": 44,
    "name_simple": "Ad-Dukhan",
    "name_arabic": "الدخان",
    "revelation_order": 64,
    "revelation_place": "makkah",
    "verses_count": 59
  },
  "45": {
    "id": 45,
    "name": 45,
    "name_simple": "Al-Jathiyah",
    "name_arabic": "الجاثية",
    "revelation_order": 65,
    "revelation_place": "makkah",
    "verses_count": 37
  },
  "46": {
    "id": 46,
    "name": 46,
    "name_simple": "Al-Ahqaf",
    "name_arabic": "الأحقاف",
    "revelation_order": 66,
    "revelation_place": "makkah",
    "verses_count": 35
  },
  "47": {
    "id": 47,
    "name": 47,
    "name_simple": "Muhammad",
    "name_arabic": "محمد",
    "revelation_order": 95,
    "revelation_place": "madinah",
    "verses_count": 38
  },
  "48": {
    "id": 48,
    "name": 48,
    "name_simple": "Al-Fath",
    "name_arabic": "الفتح",
    "revelation_order": 111,
    "revelation_place": "madinah",
    "verses_count": 29
  },
  "49": {
    "id": 49,
    "name": 49,
    "name_simple": "Al-Hujurat",
    "name_arabic": "الحجرات",
    "revelation_order": 106,
    "revelation_place": "madinah",
    "verses_count": 18
  },
  "50": {
    "id": 50,
    "name": 50,
    "name_simple": "Qaf",
    "name_arabic": "ق",
    "revelation_order": 34,
    "revelation_place": "makkah",
    "verses_count": 45
  },
  "51": {
    "id": 51,
    "name": 51,
    "name_simple": "Adh-Dhariyat",
    "name_arabic": "الذاريات",
    "revelation_order": 67,
    "revelation_place": "makkah",
    "verses_count": 60
  },
  "52": {
    "id": 52,
    "name": 52,
    "name_simple": "At-Tur",
    "name_arabic": "الطور",
    "revelation_order": 76,
    "revelation_place": "makkah",
    "verses_count": 49
  },
  "53": {
    "id": 53,
    "name": 53,
    "name_simple": "An-Najm",
    "name_arabic": "النجم",
    "revelation_order": 23,
    "revelation_place": "makkah",
    "verses_count": 62
  },
  "54": {
    "id": 54,
    "name": 54,
    "name_simple": "Al-Qamar",
    "name_arabic": "القمر",
    "revelation_order": 37,
    "revelation_place": "makkah",
    "verses_count": 55
  },
  "55": {
    "id": 55,
    "name": 55,
    "name_simple": "Ar-Rahman",
    "name_arabic": "الرحمن",
    "revelation_order": 97,
    "revelation_place": "madinah",
    "verses_count": 78
  },
  "56": {
    "id": 56,
    "name": 56,
    "name_simple": "Al-Waqi'ah",
    "name_arabic": "الواقعة",
    "revelation_order": 46,
    "revelation_place": "makkah",
    "verses_count": 96
  },
  "57": {
    "id": 57,
    "name": 57,
    "name_simple": "Al-Hadid",
    "name_arabic": "الحديد",
    "revelation_order": 94,
    "revelation_place": "madinah",
    "verses_count": 29
  },
  "58": {
    "id": 58,
    "name": 58,
    "name_simple": "Al-Mujadila",
    "name_arabic": "المجادلة",
    "revelation_order": 105,
    "revelation_place": "madinah",
    "verses_count": 22
  },
  "59": {
    "id": 59,
    "name": 59,
    "name_simple": "Al-Hashr",
    "name_arabic": "الحشر",
    "revelation_order": 101,
    "revelation_place": "madinah",
    "verses_count": 24
  },
  "60": {
    "id": 60,
    "name": 60,
    "name_simple": "Al-Mumtahanah",
    "name_arabic": "الممتحنة",
    "revelation_order": 91,
    "revelation_place": "madinah",
    "verses_count": 13
  },
  "61": {
    "id": 61,
    "name": 61,
    "name_simple": "As-Saf",
    "name_arabic": "الصف",
    "revelation_order": 109,
    "revelation_place": "madinah",
    "verses_count": 14
  },
  "62": {
    "id": 62,
    "name": 62,
    "name_simple": "Al-Jumu'ah",
    "name_arabic": "الجمعة",
    "revelation_order": 110,
    "revelation_place": "madinah",
    "verses_count": 11
  },
  "63": {
    "id": 63,
    "name": 63,
    "name_simple": "Al-Munafiqun",
    "name_arabic": "المنافقون",
    "revelation_order": 104,
    "revelation_place": "madinah",
    "verses_count": 11
  },
  "64": {
    "id": 64,
    "name": 64,
    "name_simple": "At-Taghabun",
    "name_arabic": "التغابن",
    "revelation_order": 108,
    "revelation_place": "madinah",
    "verses_count": 18
  },
  "65": {
    "id": 65,
    "name": 65,
    "name_simple": "At-Talaq",
    "name_arabic": "الطلاق",
    "revelation_order": 99,
    "revelation_place": "madinah",
    "verses_count": 12
  },
  "66": {
    "id": 66,
    "name": 66,
    "name_simple": "At-Tahrim",
    "name_arabic": "التحريم",
    "revelation_order": 107,
    "revelation_place": "madinah",
    "verses_count": 12
  },
  "67": {
    "id": 67,
    "name": 67,
    "name_simple": "Al-Mulk",
    "name_arabic": "الملك",
    "revelation_order": 77,
    "revelation_place": "makkah",
    "verses_count": 30
  },
  "68": {
    "id": 68,
    "name": 68,
    "name_simple": "Al-Qalam",
    "name_arabic": "القلم",
    "revelation_order": 2,
    "revelation_place": "makkah",
    "verses_count": 52
  },
  "69": {
    "id": 69,
    "name": 69,
    "name_simple": "Al-Haqqah",
    "name_arabic": "الحاقة",
    "revelation_order": 78,
    "revelation_place": "makkah",
    "verses_count": 52
  },
  "70": {
    "id": 70,
    "name": 70,
    "name_simple": "Al-Ma'arij",
    "name_arabic": "المعارج",
    "revelation_order": 79,
    "revelation_place": "makkah",
    "verses_count": 44
  },
  "71": {
    "id": 71,
    "name": 71,
    "name_simple": "Nuh",
    "name_arabic": "نوح",
    "revelation_order": 71,
    "revelation_place": "makkah",
    "verses_count": 28
  },
  "72": {
    "id": 72,
    "name": 72,
    "name_simple": "Al-Jinn",
    "name_arabic": "الجن",
    "revelation_order": 40,
    "revelation_place": "makkah",
    "verses_count": 28
  },
  "73": {
    "id": 73,
    "name": 73,
    "name_simple": "Al-Muzzammil",
    "name_arabic": "المزمل",
    "revelation_order": 3,
    "revelation_place": "makkah",
    "verses_count": 20
  },
  "74": {
    "id": 74,
    "name": 74,
    "name_simple": "Al-Muddaththir",
    "name_arabic": "المدثر",
    "revelation_order": 4,
    "revelation_place": "makkah",
    "verses_count": 56
  },
  "75": {
    "id": 75,
    "name": 75,
    "name_simple": "Al-Qiyamah",
    "name_arabic": "القيامة",
    "revelation_order": 31,
    "revelation_place": "makkah",
    "verses_count": 40
  },
  "76": {
    "id": 76,
    "name": 76,
    "name_simple": "Al-Insan",
    "name_arabic": "الانسان",
    "revelation_order": 98,
    "revelation_place": "madinah",
    "verses_count": 31
  },
  "77": {
    "id": 77,
    "name": 77,
    "name_simple": "Al-Mursalat",
    "name_arabic": "المرسلات",
    "revelation_order": 33,
    "revelation_place": "makkah",
    "verses_count": 50
  },
  "78": {
    "id": 78,
    "name": 78,
    "name_simple": "An-Naba",
    "name_arabic": "النبإ",
    "revelation_order": 80,
    "revelation_place": "makkah",
    "verses_count": 40
  },
  "79": {
    "id": 79,
    "name": 79,
    "name_simple": "An-Nazi'at",
    "name_arabic": "النازعات",
    "revelation_order": 81,
    "revelation_place": "makkah",
    "verses_count": 46
  },
  "80": {
    "id": 80,
    "name": 80,
    "name_simple": "'Abasa",
    "name_arabic": "عبس",
    "revelation_order": 24,
    "revelation_place": "makkah",
    "verses_count": 42
  },
  "81": {
    "id": 81,
    "name": 81,
    "name_simple": "At-Takwir",
    "name_arabic": "التكوير",
    "revelation_order": 7,
    "revelation_place": "makkah",
    "verses_count": 29
  },
  "82": {
    "id": 82,
    "name": 82,
    "name_simple": "Al-Infitar",
    "name_arabic": "الإنفطار",
    "revelation_order": 82,
    "revelation_place": "makkah",
    "verses_count": 19
  },
  "83": {
    "id": 83,
    "name": 83,
    "name_simple": "Al-Mutaffifin",
    "name_arabic": "المطففين",
    "revelation_order": 86,
    "revelation_place": "makkah",
    "verses_count": 36
  },
  "84": {
    "id": 84,
    "name": 84,
    "name_simple": "Al-Inshiqaq",
    "name_arabic": "الإنشقاق",
    "revelation_order": 83,
    "revelation_place": "makkah",
    "verses_count": 25
  },
  "85": {
    "id": 85,
    "name": 85,
    "name_simple": "Al-Buruj",
    "name_arabic": "البروج",
    "revelation_order": 27,
    "revelation_place": "makkah",
    "verses_count": 22
  },
  "86": {
    "id": 86,
    "name": 86,
    "name_simple": "At-Tariq",
    "name_arabic": "الطارق",
    "revelation_order": 36,
    "revelation_place": "makkah",
    "verses_count": 17
  },
  "87": {
    "id": 87,
    "name": 87,
    "name_simple": "Al-A'la",
    "name_arabic": "الأعلى",
    "revelation_order": 8,
    "revelation_place": "makkah",
    "verses_count": 19
  },
  "88": {
    "id": 88,
    "name": 88,
    "name_simple": "Al-Ghashiyah",
    "name_arabic": "الغاشية",
    "revelation_order": 68,
    "revelation_place": "makkah",
    "verses_count": 26
  },
  "89": {
    "id": 89,
    "name": 89,
    "name_simple": "Al-Fajr",
    "name_arabic": "الفجر",
    "revelation_order": 10,
    "revelation_place": "makkah",
    "verses_count": 30
  },
  "90": {
    "id": 90,
    "name": 90,
    "name_simple": "Al-Balad",
    "name_arabic": "البلد",
    "revelation_order": 35,
    "revelation_place": "makkah",
    "verses_count": 20
  },
  "91": {
    "id": 91,
    "name": 91,
    "name_simple": "Ash-Shams",
    "name_arabic": "الشمس",
    "revelation_order": 26,
    "revelation_place": "makkah",
    "verses_count": 15
  },
  "92": {
    "id": 92,
    "name": 92,
    "name_simple": "Al-Layl",
    "name_arabic": "الليل",
    "revelation_order": 9,
    "revelation_place": "makkah",
    "verses_count": 21
  },
  "93": {
    "id": 93,
    "name": 93,
    "name_simple": "Ad-Duhaa",
    "name_arabic": "الضحى",
    "revelation_order": 11,
    "revelation_place": "makkah",
    "verses_count": 11
  },
  "94": {
    "id": 94,
    "name": 94,
    "name_simple": "Ash-Sharh",
    "name_arabic": "الشرح",
    "revelation_order": 12,
    "revelation_place": "makkah",
    "verses_count": 8
  },
  "95": {
    "id": 95,
    "name": 95,
    "name_simple": "At-Tin",
    "name_arabic": "التين",
    "revelation_order": 28,
    "revelation_place": "makkah",
    "verses_count": 8
  },
  "96": {
    "id": 96,
    "name": 96,
    "name_simple": "Al-'Alaq",
    "name_arabic": "العلق",
    "revelation_order": 1,
    "revelation_place": "makkah",
    "verses_count": 19
  },
  "97": {
    "id": 97,
    "name": 97,
    "name_simple": "Al-Qadr",
    "name_arabic": "القدر",
    "revelation_order": 25,
    "revelation_place": "makkah",
    "verses_count": 5
  },
  "98": {
    "id": 98,
    "name": 98,
    "name_simple": "Al-Bayyinah",
    "name_arabic": "البينة",
    "revelation_order": 100,
    "revelation_place": "madinah",
    "verses_count": 8
  },
  "99": {
    "id": 99,
    "name": 99,
    "name_simple": "Az-Zalzalah",
    "name_arabic": "الزلزلة",
    "revelation_order": 93,
    "revelation_place": "madinah",
    "verses_count": 8
  },
  "100": {
    "id": 100,
    "name": 100,
    "name_simple": "Al-'Adiyat",
    "name_arabic": "العاديات",
    "revelation_order": 14,
    "revelation_place": "makkah",
    "verses_count": 11
  },
  "101": {
    "id": 101,
    "name": 101,
    "name_simple": "Al-Qari'ah",
    "name_arabic": "القارعة",
    "revelation_order": 30,
    "revelation_place": "makkah",
    "verses_count": 11
  },
  "102": {
    "id": 102,
    "name": 102,
    "name_simple": "At-Takathur",
    "name_arabic": "التكاثر",
    "revelation_order": 16,
    "revelation_place": "makkah",
    "verses_count": 8
  },
  "103": {
    "id": 103,
    "name": 103,
    "name_simple": "Al-'Asr",
    "name_arabic": "العصر",
    "revelation_order": 13,
    "revelation_place": "makkah",
    "verses_count": 3
  },
  "104": {
    "id": 104,
    "name": 104,
    "name_simple": "Al-Humazah",
    "name_arabic": "الهمزة",
    "revelation_order": 32,
    "revelation_place": "makkah",
    "verses_count": 9
  },
  "105": {
    "id": 105,
    "name": 105,
    "name_simple": "Al-Fil",
    "name_arabic": "الفيل",
    "revelation_order": 19,
    "revelation_place": "makkah",
    "verses_count": 5
  },
  "106": {
    "id": 106,
    "name": 106,
    "name_simple": "Quraysh",
    "name_arabic": "قريش",
    "revelation_order": 29,
    "revelation_place": "makkah",
    "verses_count": 4
  },
  "107": {
    "id": 107,
    "name": 107,
    "name_simple": "Al-Ma'un",
    "name_arabic": "الماعون",
    "revelation_order": 17,
    "revelation_place": "makkah",
    "verses_count": 7
  },
  "108": {
    "id": 108,
    "name": 108,
    "name_simple": "Al-Kawthar",
    "name_arabic": "الكوثر",
    "revelation_order": 15,
    "revelation_place": "makkah",
    "verses_count": 3
  },
  "109": {
    "id": 109,
    "name": 109,
    "name_simple": "Al-Kafirun",
    "name_arabic": "الكافرون",
    "revelation_order": 18,
    "revelation_place": "makkah",
    "verses_count": 6
  },
  "110": {
    "id": 110,
    "name": 110,
    "name_simple": "An-Nasr",
    "name_arabic": "النصر",
    "revelation_order": 114,
    "revelation_place": "madinah",
    "verses_count": 3
  },
  "111": {
    "id": 111,
    "name": 111,
    "name_simple": "Al-Masad",
    "name_arabic": "المسد",
    "revelation_order": 6,
    "revelation_place": "makkah",
    "verses_count": 5
  },
  "112": {
    "id": 112,
    "name": 112,
    "name_simple": "Al-Ikhlas",
    "name_arabic": "الإخلاص",
    "revelation_order": 22,
    "revelation_place": "makkah",
    "verses_count": 4
  },
  "113": {
    "id": 113,
    "name": 113,
    "name_simple": "Al-Falaq",
    "name_arabic": "الفلق",
    "revelation_order": 20,
    "revelation_place": "makkah",
    "verses_count": 5
  },
  "114": {
    "id": 114,
    "name": 114,
    "name_simple": "An-Nas",
    "name_arabic": "الناس",
    "revelation_order": 21,
    "revelation_place": "makkah",
    "verses_count": 6
  }
}