{
  "1": {
    "juz_number": 1,
    "verses_count": 148,
    "first_verse_key": "1:1",
    "last_verse_key": "2:141",
    "verse_mapping": {
      "1": "1-7",
      "2": "1-141"
    }
  },
  "2": {
    "juz_number": 2,
    "verses_count": 111,
    "first_verse_key": "2:142",
    "last_verse_key": "2:252",
    "verse_mapping": {
      "2": "142-252"
    }
  },
  "3": {
    "juz_number": 3,
    "verses_count": 126,
    "first_verse_key": "2:253",
    "last_verse_key": "3:92",
    "verse_mapping": {
      "2": "253-286",
      "3": "1-92"
    }
  },
  "4": {
    "juz_number": 4,
    "verses_count": 131,
    "first_verse_key": "3:93",
    "last_verse_key": "4:23",
    "verse_mapping": {
      "3": "93-200",
      "4": "1-23"
    }
  },
  "5": {
    "juz_number": 5,
    "verses_count": 124,
    "first_verse_key": "4:24",
    "last_verse_key": "4:147",
    "verse_mapping": {
      "4": "24-147"
    }
  },
  "6": {
    "juz_number": 6,
    "verses_count": 110,
    "first_verse_key": "4:148",
    "last_verse_key": "5:81",
    "verse_mapping": {
      "4": "148-176",
      "5": "1-81"
    }
  },
  "7": {
    "juz_number": 7,
    "verses_count": 149,
    "first_verse_key": "5:82",
    "last_verse_key": "6:110",
    "verse_mapping": {
      "5": "82-120",
      "6": "1-110"
    }
  },
  "8": {
    "juz_number": 8,
    "verses_count": 142,
    "first_verse_key": "6:111",
    "last_verse_key": "7:87",
    "verse_mapping": {
      "6": "111-165",
      "7": "1-87"
    }
  },
  "9": {
    "juz_number": 9,
    "verses_count": 159,
    "first_verse_key": "7:88",
    "last_verse_key": "8:40",
    "verse_mapping": {
      "7": "88-206",
      "8": "1-40"
    }
  },
  "10": {
    "juz_number": 10,
    "verses_count": 127,
    "first_verse_key": "8:41",
    "last_verse_key": "9:92",
    "verse_mapping": {
      "8": "41-75",
      "9": "1-92"
    }
  },
  "11": {
    "juz_number": 11,
    "verses_count": 151,
    "first_verse_key": "9:93",
    "last_verse_key": "11:5",
    "verse_mapping": {
      "9": "93-129",
      "10": "1-109",
      "11": "1-5"
    }
  },
  "12": {
    "juz_number": 12,
    "verses_count": 170,
    "first_verse_key": "11:6",
    "last_verse_key": "12:52",
    "verse_mapping": {
      "11": "6-123",
      "12": "1-52"
    }
  },
  "13": {
    "juz_number": 13,
    "verses_count": 154,
    "first_verse_key": "12:53",
    "last_verse_key": "14:52",
    "verse_mapping": {
      "12": "53-111",
      "13": "1-43",
      "14": "1-52"
    }
  },
  "14": {
    "juz_number": 14,
    "verses_count": 227,
    "first_verse_key": "15:1",
    "last_verse_key": "16:128",
    "verse_mapping": {
      "15": "1-99",
      "16": "1-128"
    }
  },
  "15": {
    "juz_number": 15,
    "verses_count": 185,
    "first_verse_key": "17:1",
    "last_verse_key": "18:74",
    "verse_mapping": {
      "17": "1-111",
      "18": "1-74"
    }
  },
  "16": {
    "juz_number": 16,
    "verses_count": 269,
    "first_verse_key": "18:75",
    "last_verse_key": "20:135",
    "verse_mapping": {
      "18": "75-110",
      "19": "1-98",
      "20": "1-135"
    }
  },
  "17": {
    "juz_number": 17,
    "verses_count": 190,
    "first_verse_key": "21:1",
    "last_verse_key": "22:78",
    "verse_mapping": {
      "21": "1-112",
      "22": "1-78"
    }
  },
  "18": {
    "juz_number": 18,
    "verses_count": 202,
    "first_verse_key": "23:1",
    "last_verse_key": "25:20",
    "verse_mapping": {
      "23": "1-118",
      "24": "1-64",
      "25": "1-20"
    }
  },
  "19": {
    "juz_number": 19,
    "verses_count": 339,
    "first_verse_key": "25:21",
    "last_verse_key": "27:55",
    "verse_mapping": {
      "25": "21-77",
      "26": "1-227",
      "27": "1-55"
    }
  },
  "20": {
    "juz_number": 20,
    "verses_count": 171,
    "first_verse_key": "27:56",
    "last_verse_key": "29:45",
    "verse_mapping": {
      "27": "56-93",
      "28": "1-88",
      "29": "1-45"
    }
  },
  "21": {
    "juz_number": 21,
    "verses_count": 178,
    "first_verse_key": "29:46",
    "last_verse_key": "33:30",
    "verse_mapping": {
      "29": "46-69",
      "30": "1-60",
      "31": "1-34",
      "32": "1-30",
      "33": "1-30"
    }
  },
  "22": {
    "juz_number": 22,
    "verses_count": 169,
    "first_verse_key": "33:31",
    "last_verse_key": "36:27",
    "verse_mapping": {
      "33": "31-73",
      "34": "1-54",
      "35": "1-45",
      "36": "1-27"
    }
  },
  "23": {
    "juz_number": 23,
    "verses_count": 357,
    "first_verse_key": "36:28",
    "last_verse_key": "39:31",
    "verse_mapping": {
      "36": "28-83",
      "37": "1-182",
      "38": "1-88",
      "39": "1-31"
    }
  },
  "24": {
    "juz_number": 24,
    "verses_count": 175,
    "first_verse_key": "39:32",
    "last_verse_key": "41:46",
    "verse_mapping": {
      "39": "32-75",
      "40": "1-85",
      "41": "1-46"
    }
  },
  "25": {
    "juz_number": 25,
    "verses_count": 246,
    "first_verse_key": "41:47",
    "last_verse_key": "45:37",
    "verse_mapping": {
      "41": "47-54",
      "42": "1-53",
      "43": "1-89",
      "44": "1-59",
      "45": "1-37"
    }
  },
  "26": {
    "juz_number": 26,
    "verses_count": 195,
    "first_verse_key": "46:1",
    "last_verse_key": "51:30",
    "verse_mapping": {
      "46": "1-35",
      "47": "1-38",
      "48": "1-29",
      "49": "1-18",
      "50": "1-45",
      "51": "1-30"
    }
  },
  "27": {
    "juz_number": 27,
    "verses_count": 399,
    "first_verse_key": "51:31",
    "last_verse_key": "57:29",
    "verse_mapping": {
      "51": "31-60",
      "52": "1-49",
      "53": "1-62",
      "54": "1-55",
      "55": "1-78",
      "56": "1-96",
      "57": "1-29"
    }
  },
  "28": {
    "juz_number": 28,
    "verses_count": 137,
    "first_verse_key": "58:1",
    "last_verse_key": "66:12",
    "verse_mapping": {
      "58": "1-22",
      "59": "1-24",
      "60": "1-13",
      "61": "1-14",
      "62": "1-11",
      "63": "1-11",
      "64": "1-18",
      "65": "1-12",
      "66": "1-12"
    }
  },
  "29": {
    "juz_number": 29,
    "verses_count": 431,
    "first_verse_key": "67:1",
    "last_verse_key": "77:50",
    "verse_mapping": {
      "67": "1-30",
      "68": "1-52",
      "69": "1-52",
      "70": "1-44",
      "71": "1-28",
      "72": "1-28",
      "73": "1-20",
      "74": "1-56",
      "75": "1-40",
      "76": "1-31",
      "77": "1-50"
    }
  },
  "30": {
    "juz_number": 30,
    "verses_count": 564,
    "first_verse_key": "78:1",
    "last_verse_key": "114:6",
    "verse_mapping": {
      "78": "1-40",
      "79": "1-46",
      "80": "1-42",
      "81": "1-29",
      "82": "1-19",
      "83": "1-36",
      "84": "1-25",
      "85": "1-22",
      "86": "1-17",
      "87": "1-19",
      "88": "1-26",
      "89": "1-30",
      "90": "1-20",
      "91": "1-15",
      "92": "1-21",
      "93": "1-11",
      "94": "1-8",
      "95": "1-8",
      "96": "1-19",
      "97": "1-5",
      "98": "1-8",
      "99": "1-8",
      "100": "1-11",
      "101": "1-11",
      "102": "1-8",
      "103": "1-3",
      "104": "1-9",
      "105": "1-5",
      "106": "1-4",
      "107": "1-7",
      "108": "1-3",
      "109": "1-6",
      "110": "1-3",
      "111": "1-5",
      "112": "1-4",
      "113": "1-5",
      "114": "1-6"
    }
  }
}