{"surah-1":"ﱅ ","surah-2":"ﱆ ","surah-3":"ﱇ ","surah-4":"ﱊ ","surah-5":"ﱋ ","surah-6":"ﱎ ","surah-7":"ﱏ ","surah-8":"ﱑ ","surah-9":"ﱒ ","surah-10":"ﱓ ","surah-11":"ﱕ ","surah-12":"ﱖ ","surah-13":"ﱘ ","surah-14":"ﱚ ","surah-15":"ﱛ ","surah-16":"ﱜ ","surah-17":"ﱝ ","surah-18":"ﱞ ","surah-19":"ﱡ ","surah-20":"ﱢ ","surah-21":"ﱤ ","surah-22":"ﭑ ","surah-23":"ﭒ ","surah-24":"ﭔ ","surah-25":"ﭕ ","surah-26":"ﭗ ","surah-27":"ﭘ ","surah-28":"ﭚ ","surah-29":"ﭛ ","surah-30":"ﭝ ","surah-31":"ﭞ ","surah-32":"ﭠ ","surah-33":"ﭡ ","surah-34":"ﭣ ","surah-35":"ﭤ ","surah-36":"ﭦ ","surah-37":"ﭧ ","surah-38":"ﭩ ","surah-39":"ﭪ ","surah-40":"ﭬ ","surah-41":"ﭭ ","surah-42":"ﭯ ","surah-43":"ﭰ ","surah-44":"ﭲ ","surah-45":"ﭳ ","surah-46":"ﭵ ","surah-47":"ﭶ ","surah-48":"ﭸ ","surah-49":"ﭹ ","surah-50":"ﭻ ","surah-51":"ﭼ ","surah-52":"ﭾ ","surah-53":"ﭿ ","surah-54":"ﮁ ","surah-55":"ﮂ ","surah-56":"ﮄ ","surah-57":"ﮅ ","surah-58":"ﮇ ","surah-59":"ﮈ ","surah-60":"ﮊ ","surah-61":"ﮋ ","surah-62":"ﮍ ","surah-63":"ﮎ ","surah-64":"ﮐ ","surah-65":"ﮑ ","surah-66":"ﮓ ","surah-67":"ﮔ ","surah-68":"ﮖ ","surah-69":"ﮗ ","surah-70":"ﮙ ","surah-71":"ﮚ ","surah-72":"ﮜ ","surah-73":"ﮝ ","surah-74":"ﮟ ","surah-75":"ﮠ ","surah-76":"ﮢ ","surah-77":"ﮣ ","surah-78":"ﮥ ","surah-79":"ﮦ ","surah-80":"ﮨ ","surah-81":"ﮩ ","surah-82":"ﮫ ","surah-83":"ﮬ ","surah-84":"ﮮ ","surah-85":"ﮯ ","surah-86":"ﮱ ","surah-87":"﮲ ","surah-88":"﮴ ","surah-89":"﮵ ","surah-90":"﮷ ","surah-91":"﮸ ","surah-92":"﮺ ","surah-93":"﮻ ","surah-94":"﮽ ","surah-95":"﮾ ","surah-96":"﯀ ","surah-97":"﯁ ","surah-98":"ﯓ ","surah-99":"ﯔ ","surah-100":"ﯖ ","surah-101":"ﯗ ","surah-102":"ﯙ ","surah-103":"ﯚ ","surah-104":"ﯜ ","surah-105":"ﯝ ","surah-106":"ﯟ ","surah-107":"ﯠ ","surah-108":"ﯢ ","surah-109":"ﯣ ","surah-110":"ﯥ ","surah-111":"ﯦ ","surah-112":"ﯨ ","surah-113":"ﯩ ","surah-114":"ﯫ"}